News_headline, News_report
CSK vs PBKS Highlights, IPL 2021: KL Rahul powers Punjab Kings to 6-wicket victory over Chennai Super Kings, yes
IPL 2021: Punjab Kings beat CSK by six wickets, yes
SRH dent RCB's chance to get top-two finish with upset four-run win, yes
Anshu creates history, becomes first Indian woman wrestler to reach World Championship final, yes
Aryan Khan , 7 others sent to judicial custody, No
US-China tensions easing despite differences, No
How Navratri fasting can help you keep fit, yes
TVS Motor rolls out TVS Jupiter 125, yes
MITRA parks guidelines in 30-45 days: Textile Secy, No
Time to book out of Tata Motors: Sandip Sabharwal, yes
Ola launches vehicle commerce platform Ola Cars, No
HAL delivers 'heaviest' propellant tank to ISRO,  yes
AP to send willing staff to Telangana permanently, yes
Reliance to bring 7-Eleven convenience stores in India, yes
High-margin SUVs help Hyundai earn more per car than Maruti, yes
Rakesh Jhunjhunwala-backed Nazara Tech raises fresh capital, No
Wall Street opens higher as debt ceiling, inflation worries cool, No
Day Trading Guide: 2 stock recommendations for Friday, yes
Top gainers & losers of the day: Jewellery stocks shine; Sobha zooms 17%, yes
Market Movers: Titan adds shine to jewellery stocks; TaMo picks speed, No
Tech View: Nifty50 forms indecisive candle; some consolidation likely, No
F&O: Bulls & bears in tug of war; sharp drop in VIX bolsters bulls, yes
IT, auto stocks lift Sensex by 488 pts, Nifty ends near 17,800; Titan jumps 11%, yes
TCS to report sequential recovery in Q2 on strong deal flow, yes
Banks may post sharp jump in Q2 profit, but provisioning to weigh, No
India Inc likely to sustain good earnings show in Q2, No
Stock market update: Stocks that hit 52-week lows on NSE in today's trade, yes
Stock market update: Sugar stocks up as market rises, yes
Aditya Birla AMC IPO: Here's how to check allotment status and GMP, No
Andhra Pradesh to send willing staff to Telangana permanently, yes
Prime Minister Modi to launch industry body Indian Space Association on Monday, yes
Kerala logs 12,288 fresh COVID-19 cases, 141 deaths, yes
Vaccine certificates or negative test reports must for non-state devotees at Nanded temple, No
Rare diamond, emerald spectacles from Mughal India to be auctioned in UK, NO
Maharashtra to launch 'Mission Kawach Kundal' to ramp up COVID-19 vaccination: Health minister Rajesh Tope, yes
Mosquirix: World's first malaria vaccine approved by WHO, yes
COVID-19 necessitated need for urgency to re-imagine cooperation: EAM S Jaishankar on India-ASEAN ties, yes
Mahindra opens booking and test drive for XUV 700. Here are details and pricing, yes
Instagram and teens: How to keep your kids safe, yes
India needs a comprehensive rice strategy to deal with challenges: Report, No
Coffee producers urge finance minister Nirmala Sitharaman to restructure Rs 5,000-crore outstanding loans, yes
WTO director-general to visit India soon, yes
Mukesh Ambani tops 2021 Forbes list of India's richest, yes
   


